,name,accuracy,precision,recall,f1,auc,cv_mean_accuracy,cv_mean_precision,cv_mean_recall,cv_mean_f1,cv_mean_auc
0,Standard Logistic Regression,0.8042666666666667,0.6476426799007444,0.5370370370370371,0.5871766029246345,0.8444052870832062,0.8028444444444445,0.6472395704948809,0.5301652308995904,0.5824558947323208,0.8411414966812794
1,Standard SVM,0.8181333333333334,0.7151335311572701,0.49588477366255146,0.5856622114216282,0.860238423724456,0.7998222222222221,0.6673315547654093,0.45544650002353715,0.5410892420546657,0.7930834350682291
2,Standard KNN,0.8346666666666667,0.6981981981981982,0.6378600823045267,0.6666666666666666,0.8994854897204931,0.7596444444444443,0.5376848875923479,0.5212658287435861,0.5291846546888669,0.7758159231583199
3,Standard Decision Tree,0.9976888888888888,0.9993089149965446,0.9917695473251029,0.9955249569707402,0.9999859270517618,0.7308444444444444,0.48230134492344534,0.5033987666525443,0.4899715852044813,0.6540914225162691
4,Logistic Regression (GridSearchCV - best),0.8055111111111111,0.6499176276771005,0.5411522633744856,0.5905688622754492,0.8445978642696238,0.8039111111111111,0.6477265049591654,0.5370286682671939,0.5868990488545858,0.8412089227475402
5,Linear SVM (GridSearchCV - best),0.8024888888888889,0.6561656165616562,0.5,0.5675360062281044,0.8334399091694064,0.8014222222222221,0.6549911203494277,0.49725556653956604,0.5650354627320244,0.8317041773849887
6,Polynomial SVM (GridSearchCV - best),0.8144,0.7120901639344263,0.4766803840877915,0.571076417419885,0.8515294908094595,0.7994666666666668,0.6715114437647328,0.4444711198983195,0.5344327521761068,0.7986772743063217
7,KNN (GridSearchCV - best),0.8072888888888888,0.6399700598802395,0.5864197530864198,0.6120257695060844,0.8538559713576824,0.7904,0.6044354162178276,0.5534787930141694,0.5776498260411176,0.8261178059883034
8,Decision Tree (RandomizedSearchCV - best),0.7907555555555555,0.6808236808236808,0.3628257887517147,0.4733780760626398,0.8173877777020636,0.7888,0.6731559488948822,0.36077296050463686,0.46966960985874184,0.8129539918997392
